x,y,sipm_current,sipm_std,sipm_stderr,sipm_time,pd_current,pd_std,pd_stderr,pd_time
4.9,5.1,0.00050167572722,4.023486196723066e-07,5.6900687474267026e-08,1772659651.1295602,1.110808e-09,1.30536e-12,1.8460578157793432e-13,1772659641.3715851
