x,y,sipm_current,sipm_std,sipm_stderr,sipm_time,pd_current,pd_std,pd_stderr,pd_time
4.9,5.200000000000001,0.0010171310083999998,1.4881650857943897e-06,2.1045832473805464e-07,1772657691.4120328,2.44506e-09,6.51679e-13,9.216132801137362e-14,1772657680.8675013
