x,y,sipm_current,sipm_std,sipm_stderr,sipm_time,pd_current,pd_std,pd_stderr,pd_time
4.9,5.200000000000001,0.0012909949354000002,2.320286938137795e-06,3.2813812565116124e-07,1772658857.07926,3.214616e-09,8.643143e-13,1.222325005213008e-13,1772658846.5403006
