x,y,sipm_current,sipm_std,sipm_stderr,sipm_time,pd_current,pd_std,pd_stderr,pd_time
4.9,5.15,3.3252152888e-05,5.3791056834078643e-08,7.607204210913598e-09,1772663438.4475908,6.805946e-11,6.325612e-14,8.94576628071e-15,1772663429.6312978
