x,y,sipm_current,sipm_std,sipm_stderr,sipm_time,pd_current,pd_std,pd_stderr,pd_time
4.8500000000000005,5.15,0.006939844163799999,0.00011440755866795312,1.6179672110621483e-05,1772654628.2056823,3.859134e-08,1.12451e-11,1.590297293024169e-12,1772654617.5462546
