x,y,sipm_current,sipm_std,sipm_stderr,sipm_time,pd_current,pd_std,pd_stderr,pd_time
4.800000000000001,5.1000000000000005,0.0096597941418,0.00027488382481597243,3.8874443313173816e-05,1772490554.0903916,8.494647e-08,1.655663e-11,2.3414610693193252e-12,1772490543.4344904
