x,y,sipm_current,sipm_std,sipm_stderr,sipm_time,pd_current,pd_std,pd_stderr,pd_time
4.8500000000000005,5.15,0.006000372566799999,7.517071613719032e-05,1.0630744625451263e-05,1772655007.6419754,2.945208e-08,1.732589e-10,2.450250861818438e-11,1772654997.0865924
