x,y,sipm_current,sipm_std,sipm_stderr,sipm_time,pd_current,pd_std,pd_stderr,pd_time
4.7,5.050000000000001,0.020913235377999998,0.0010992524167073553,0.00015545776761789428,1772484201.1764162,1.052006e-06,2.078702e-09,2.9397285605320773e-10,1772484190.6045818
