x,y,sipm_current,sipm_std,sipm_stderr,sipm_time,pd_current,pd_std,pd_stderr,pd_time
4.9,5.1,0.0014979557702,3.2159871212717718e-06,4.548092603319747e-07,1772658073.3437057,3.85016e-09,1.246673e-12,1.7630618644443535e-13,1772658062.7637959
