x,y,sipm_current,sipm_std,sipm_stderr,sipm_time,pd_current,pd_std,pd_stderr,pd_time
4.8500000000000005,5.200000000000001,7.705482110399999e-05,1.3136692930904015e-07,1.8578089307615223e-08,1772661562.981653,1.604885e-10,7.184569e-14,1.0160514919605304e-14,1772661554.1511133
