x,y,sipm_current,sipm_std,sipm_stderr,sipm_time,pd_current,pd_std,pd_stderr,pd_time
4.9,5.200000000000001,5.550346700399999e-05,1.005843425161212e-07,1.4224774134867932e-08,1772662699.5553844,1.139782e-10,5.570531e-14,7.87792048981976e-15,1772662690.7219267
