x,y,sipm_current,sipm_std,sipm_stderr,sipm_time,pd_current,pd_std,pd_stderr,pd_time
4.95,5.250000000000001,0.0010641627826,1.5557785085889375e-06,2.200203066895062e-07,1772659284.2013621,2.562848e-09,7.780554e-13,1.1003364989576234e-13,1772659273.659563
