x,y,sipm_current,sipm_std,sipm_stderr,sipm_time,pd_current,pd_std,pd_stderr,pd_time
4.9,5.15,4.193959860199999e-05,9.201536251588556e-08,1.3012937361664227e-08,1772663070.7515042,8.63164e-11,4.642094e-14,6.56491229261077e-15,1772663061.923232
