x,y,sipm_current,sipm_std,sipm_stderr,sipm_time,pd_current,pd_std,pd_stderr,pd_time
4.75,5.050000000000001,0.026707874066000007,0.0005507897666554638,7.789343580204692e-05,1772664773.481279,2.61175e-07,1.784632e-10,2.5238507782450213e-11,1772664762.9301443
