x,y,sipm_current,sipm_std,sipm_stderr,sipm_time,pd_current,pd_std,pd_stderr,pd_time
4.9,5.200000000000001,0.0022763004202,5.391510741707378e-06,7.624747612602799e-07,1772224833.5850995,2.784267e-09,8.504023e-13,1.2026504661332734e-13,1772224823.0319188
