x,y,sipm_current,sipm_std,sipm_stderr,sipm_time,pd_current,pd_std,pd_stderr,pd_time
4.75,5.050000000000001,0.02508667683,0.0005465072293882133,7.728779357357553e-05,1772218801.9278708,2.123649e-07,3.321589e-10,4.697436212429286e-11,1772218791.3873172
