x,y,sipm_current,sipm_std,sipm_stderr,sipm_time,pd_current,pd_std,pd_stderr,pd_time
4.800000000000001,5.1000000000000005,0.028658286982,0.00048228635023547534,6.820558974504298e-05,1772217931.5954125,3.152959e-07,7.492015e-11,1.0595309222502663e-11,1772217921.0440536
