x,y,sipm_current,sipm_std,sipm_stderr,sipm_time,pd_current,pd_std,pd_stderr,pd_time
4.75,5.05,0.032514267028000005,0.0004687016325184999,6.62844205414073e-05,1772665148.722692,4.329383e-07,1.05149e-09,1.4870314186996858e-10,1772665138.1708183
