x,y,sipm_current,sipm_std,sipm_stderr,sipm_time,pd_current,pd_std,pd_stderr,pd_time
4.7,5.2,0.020161743052000004,0.000674114174536225,9.53341408217073e-05,1772219571.843032,1.097039e-07,3.4413e-11,4.866733132194532e-12,1772219561.1812384
