x,y,sipm_current,sipm_std,sipm_stderr,sipm_time,pd_current,pd_std,pd_stderr,pd_time
4.800000000000001,5.15,0.0018376522107999998,3.1737194867044256e-06,4.488317141265176e-07,1772227015.6719441,2.128846e-09,4.209075e-13,5.952530950045534e-14,1772227005.1315305
