x,y,sipm_current,sipm_std,sipm_stderr,sipm_time,pd_current,pd_std,pd_stderr,pd_time
4.9,5.15,0.0021829480876000003,4.897191120831027e-06,6.925674100612336e-07,1772226498.8721905,2.611055e-09,7.991372e-13,1.1301506664368605e-13,1772226488.3196864
