x,y,sipm_current,sipm_std,sipm_stderr,sipm_time,pd_current,pd_std,pd_stderr,pd_time
4.75,5.1000000000000005,0.014119723038,0.00032543239773120323,4.6023091050706284e-05,1772220807.8013175,4.70654e-08,1.209246e-11,1.7101320934454157e-12,1772220797.1276321
