x,y,sipm_current,sipm_std,sipm_stderr,sipm_time,pd_current,pd_std,pd_stderr,pd_time
4.7,5.1000000000000005,0.018754608526,0.0005870733580455348,8.302471050559113e-05,1772219962.0290177,9.002864e-08,3.062573e-11,4.331132272357657e-12,1772219952.2820156
