x,y,sipm_current,sipm_std,sipm_stderr,sipm_time,pd_current,pd_std,pd_stderr,pd_time
4.800000000000001,5.200000000000001,0.0033201861757999997,1.0014227481295995e-05,1.4162256320738154e-06,1772225632.4481318,4.471291e-09,1.02321e-12,1.4470374591557747e-13,1772225621.8919704
