x,y,sipm_current,sipm_std,sipm_stderr,sipm_time,pd_current,pd_std,pd_stderr,pd_time
4.75,5.15,0.00049179209792,3.763079054861815e-07,5.321797435667707e-08,1772228696.8016348,5.139489e-10,5.153945e-13,7.288778918725e-14,1772228687.045453
