x,y,sipm_current,sipm_std,sipm_stderr,sipm_time,pd_current,pd_std,pd_stderr,pd_time
2.85,7.15,0.058678422486,5.3305913494121735e-05,7.538594581807393e-06,1772665519.5379672,5.369949e-07,9.286877e-10,1.3133627405490762e-10,1772665510.651609
