x,y,sipm_current,sipm_std,sipm_stderr,sipm_time,pd_current,pd_std,pd_stderr,pd_time
4.800000000000001,5.200000000000001,0.0026974137210000002,6.569158311998042e-06,9.290192778203578e-07,1772226052.2882717,3.444248e-09,7.934212e-13,1.1220670217143358e-13,1772226041.742272
