x,y,sipm_current,sipm_std,sipm_stderr,sipm_time,pd_current,pd_std,pd_stderr,pd_time
4.75,5.050000000000001,0.029991324811999998,0.0004656577288373791,6.585394755456745e-05,1772217497.6283548,3.576802e-07,1.059514e-10,1.4983790683241673e-11,1772217487.0847478
