x,y,sipm_current,sipm_std,sipm_stderr,sipm_time,pd_current,pd_std,pd_stderr,pd_time
4.9,5.200000000000001,0.0003101655675,1.8615440889543684e-07,2.632620897554735e-08,1772229450.1046767,3.169363e-10,1.572444e-13,2.2237716308721993e-14,1772229440.350072
