x,y,sipm_current,sipm_std,sipm_stderr,sipm_time,pd_current,pd_std,pd_stderr,pd_time
4.800000000000001,5.200000000000001,0.0031683114306000006,8.911293509968442e-06,1.2602472140084712e-06,1772224067.5750873,4.186324e-09,1.489441e-12,2.106387662554545e-13,1772224057.0259573
