x,y,sipm_current,sipm_std,sipm_stderr,sipm_time,pd_current,pd_std,pd_stderr,pd_time
4.75,5.15,0.013366627788000001,0.0002960765339477762,4.1871544980936314e-05,1772221215.7219892,4.16863e-08,8.527868e-12,1.2060226583727521e-12,1772221205.06224
