x,y,sipm_current,sipm_std,sipm_stderr,sipm_time,pd_current,pd_std,pd_stderr,pd_time
4.8500000000000005,5.15,0.012090727608,0.00024118993161533321,3.410940723982436e-05,1772222038.715418,3.422747e-08,1.083698e-11,1.5325804091165982e-12,1772222028.055843
