x,y,sipm_current,sipm_std,sipm_stderr,sipm_time,pd_current,pd_std,pd_stderr,pd_time
4.85,5.1000000000000005,0.026665707796,0.0005386101468771922,7.617097745454899e-05,1772218366.1978762,2.536205e-07,8.244317e-11,1.1659224913903068e-11,1772218355.6446843
