x,y,sipm_current,sipm_std,sipm_stderr,sipm_time,pd_current,pd_std,pd_stderr,pd_time
4.9,5.1,0.0027109201376000003,6.304110063914689e-06,8.915357951080872e-07,1772224449.5547998,3.440297e-09,8.900342e-13,1.2586984366158877e-13,1772224439.0138235
