x,y,sipm_current,sipm_std,sipm_stderr,sipm_time,pd_current,pd_std,pd_stderr,pd_time
4.9,5.200000000000001,0.0033342142345999994,9.896959396163272e-06,1.3996414204309937e-06,1772225225.0844038,4.492654e-09,8.808088e-13,1.245651750817571e-13,1772225214.5335925
