x,y,sipm_current,sipm_std,sipm_stderr,sipm_time,pd_current,pd_std,pd_stderr,pd_time
4.800000000000001,5.200000000000001,0.0015297590021999998,2.5992546251726027e-06,3.67590114298009e-07,1772227371.8555892,1.724882e-09,6.77984e-13,9.588141678719604e-14,1772227361.319863
