x,y,sipm_current,sipm_std,sipm_stderr,sipm_time,pd_current,pd_std,pd_stderr,pd_time
4.9,5.05,0.0048963559714,4.012555819745885e-05,5.674610860063722e-06,1772655771.7507458,2.035827e-08,3.943843e-12,5.577436258470194e-13,1772655761.1952453
