x,y,sipm_current,sipm_std,sipm_stderr,sipm_time,pd_current,pd_std,pd_stderr,pd_time
4.9,5.15,0.0016146822861999998,3.5818778968116187e-06,5.065540300435408e-07,1772658459.6198413,4.221307e-09,8.707732e-13,1.2314592691910194e-13,1772658449.0632894
