x,y,sipm_current,sipm_std,sipm_stderr,sipm_time,pd_current,pd_std,pd_stderr,pd_time
4.8500000000000005,5.200000000000001,6.1041644158e-05,1.398072908569058e-07,1.977173668484762e-08,1772662332.19554,1.253586e-10,5.956732e-14,8.42409118182181e-15,1772662323.365788
