x,y,sipm_current,sipm_std,sipm_stderr,sipm_time,pd_current,pd_std,pd_stderr,pd_time
4.85,5.050000000000001,0.013625427578,0.0006392909333437887,9.040939082369403e-05,1772489370.215425,2.083004e-07,1.290058e-10,1.8244175198479102e-11,1772489360.4586816
