x,y,sipm_current,sipm_std,sipm_stderr,sipm_time,pd_current,pd_std,pd_stderr,pd_time
4.800000000000001,5.2,0.009808506964000001,0.00028900017774113163,4.087079708897434e-05,1772490129.1378915,8.288159e-08,1.592989e-11,2.2528266485111544e-12,1772490118.4714139
