x,y,sipm_current,sipm_std,sipm_stderr,sipm_time,pd_current,pd_std,pd_stderr,pd_time
4.8500000000000005,5.200000000000001,6.1936677854e-05,1.0211166126353607e-07,1.4440769623534012e-08,1772661956.0221407,1.274038e-10,5.273201e-14,7.457432371319367e-15,1772661947.1635659
