x,y,sipm_current,sipm_std,sipm_stderr,sipm_time,pd_current,pd_std,pd_stderr,pd_time
4.8,5.050000000000001,0.016046677392,0.0006326922067032556,8.947618995275056e-05,1772486917.3863952,3.633745e-07,1.237522e-10,1.7501203961350772e-11,1772486906.838786
