x,y,sipm_current,sipm_std,sipm_stderr,sipm_time,pd_current,pd_std,pd_stderr,pd_time
4.7,5.000000000000001,0.019658026802,0.000991604184248058,0.0001402340085869513,1772484696.9011538,8.230403e-07,1.695186e-10,2.3973550319449973e-11,1772484685.4342937
