x,y,sipm_current,sipm_std,sipm_stderr,sipm_time,pd_current,pd_std,pd_stderr,pd_time
4.9,5.1,0.0036338726572000004,1.6027655626102773e-05,2.2666527959479982e-06,1772656175.181473,1.260905e-08,1.98757e-12,2.810848450165893e-13,1772656164.6282036
