x,y,sipm_current,sipm_std,sipm_stderr,sipm_time,pd_current,pd_std,pd_stderr,pd_time
4.9,5.1,0.001479229634,3.049186130865083e-06,4.3122003804693436e-07,1772656935.7076375,3.795187e-09,7.025564e-13,9.935647892120171e-14,1772656925.1472118
