x,y,sipm_current,sipm_std,sipm_stderr,sipm_time,pd_current,pd_std,pd_stderr,pd_time
4.8,5.1000000000000005,0.015155352076000002,0.0005670665808006849,8.01953249336867e-05,1772487770.266753,2.912706e-07,7.220285e-11,1.0211024971199022e-11,1772487759.74496
