x,y,sipm_current,sipm_std,sipm_stderr,sipm_time,pd_current,pd_std,pd_stderr,pd_time
4.8500000000000005,5.15,0.005765641434000001,6.859184875259747e-05,9.70035227741674e-06,1772655401.6993544,2.730841e-08,7.560908e-12,1.0692738637455233e-12,1772655391.152294
