x,y,sipm_current,sipm_std,sipm_stderr,sipm_time,pd_current,pd_std,pd_stderr,pd_time
4.75,5.000000000000001,0.018079354958,0.0007375691968094578,0.00010430803613165658,1772485067.0771213,6.104864e-07,1.341156e-10,1.8966810044580505e-11,1772485055.6145957
