x,y,sipm_current,sipm_std,sipm_stderr,sipm_time,pd_current,pd_std,pd_stderr,pd_time
4.8500000000000005,5.15,0.008729389365399999,0.00021117210255204406,2.986424514239428e-05,1772653864.281835,6.287082e-08,2.979224e-11,4.213258986147422e-12,1772653853.6263473
